question,ground_truth
"Nghiên cứu 'Green Buildings in Vietnam: Development Process, Global Principles, and Future Trends' đề cập đến 4 hệ thống đánh giá công trình xanh chủ yếu nào đang thống trị thị trường Việt Nam?","4 hệ thống đánh giá công trình xanh chủ yếu đang thống trị thị trường Việt Nam được đề cập là LEED, LOTUS, EDGE, và Green Mark."
"Theo nghiên cứu về công trình xanh ở Việt Nam, Hội đồng Công trình Xanh Việt Nam (VGBC) được thành lập vào năm nào và hội đồng này được công nhận chính thức bởi cơ quan nào vào năm 2009?",VGBC được thành lập vào năm 2007 và được Bộ Xây dựng (Ministry of Construction) công nhận chính thức vào năm 2009.
Nghiên cứu về công trình xanh đối chiếu thực trạng Việt Nam với 7 nguyên tắc chính sách toàn cầu hướng đến năm 2050 của Hội đồng công trình Xanh Thế giới (World Green Building Council) là những nguyên tắc nào?,"7 nguyên tắc chính sách toàn cầu hướng đến năm 2050 của Hội đồng công trình Xanh Thế giới (World Green Building Council) là: Carbon (Carbon), Khả năng phục hồi (Resilience), Tính tuần hoàn (Circularity), Nước (Water), Đa dạng sinh học (Biodiversity), Sức khỏe (Health), và Công bằng (Equity)."
"Theo nghiên cứu về công trình xanh ở Việt Nam, việc áp dụng các tiêu chuẩn công trình xanh vào phát triển bất động sản mang lại mấy lợi ích chính cho các nhà đầu tư và các bên liên quan?",Việc áp dụng các tiêu chuẩn công trình xanh mang lại 6 lợi ích chính cho các nhà đầu tư và các bên liên quan.
"Theo báo cáo về thị trường công trình xanh châu Á được trích dẫn, tính đến đầu năm 2019, số lượng công trình xanh được cấp chứng nhận của Việt Nam là bao nhiêu và con số này so với Singapore là như thế nào?","Tính đến đầu năm 2019, Việt Nam đạt tổng cộng khoảng 100 công trình xanh được cấp chứng nhận, con số này ít hơn nhiều so với Singapore (đạt hơn 1.000 công trình được cấp chứng nhận)."
"Nghiên cứu 'Study on Landslide Mechanism on Basaltic Soils in Lam Dong Province, Vietnam' đã thu thập tổng cộng bao nhiêu mẫu đất và thực hiện khoan lấy mẫu ở các độ sâu nào?","Nghiên cứu đã thu thập tổng cộng 90 mẫu đất và thực hiện khoan lấy mẫu bằng tay ở các độ sâu là 0.5 m, 1.0 m, và 1.5 m."
"Trong nghiên cứu trượt lở đất bazan ở Lâm Đồng, mô hình số 2D Plaxis đã sử dụng các điều kiện biên dịch chuyển (deformation boundaries) và biên dòng chảy nước ngầm (groundwater-flow boundaries) như thế nào?","Mô hình số 2D Plaxis đã sử dụng các điều kiện biên dịch chuyển tiêu chuẩn (Xmin và Xmax cố định thông thường, Ymin cố định hoàn toàn, và Ymax tự do) và biên dòng chảy nước ngầm (mở ở Xmin, Xmax và Ymax; đóng ở Ymin)."
"Theo kết quả phân tích thành phần hạt của 90 mẫu đất bazan tại Lâm Đồng, các mẫu đất chủ yếu thuộc các nhóm kết cấu đất nào và hàm lượng hạt sét trong nhóm có nguy cơ sạt lở cao là bao nhiêu?","Các mẫu đất chủ yếu thuộc các nhóm kết cấu: đất sét (clay), đất thịt pha sét (clay loam), đất sét pha limon (silty clay), đất thịt pha sét cát (sandy clay loam) và đất cát pha thịt (sandy loam). Các nhóm có nguy cơ sạt lở cao có hàm lượng hạt sét từ 30% trở lên (>=30%)."
"Trong nghiên cứu về trượt lở đất bazan tại Lâm Đồng, quá trình phong hóa hóa học nào dưới tác động của nước mưa axit tự nhiên được đề cập là góp phần làm suy yếu cấu trúc đất lâu dài?",Quá trình phong hóa hóa học làm suy yếu cấu trúc đất lâu dài là sự hòa tan và biến đổi các chất liên kết oxit sắt (Fe2O3) dưới ảnh hưởng của nước mưa axit tự nhiên.
"Theo số liệu thống kê lượng mưa từ năm 2014 đến 2024 thu thập tại trạm Đà Lạt được đề cập trong nghiên cứu trượt lở đất, lượng mưa trung bình năm đạt bao nhiêu và lượng mưa ngày cao nhất vào các tháng mưa lớn là bao nhiêu?","Lượng mưa trung bình năm hầu hết đạt hơn 2000 mm, và lượng mưa ngày cao nhất tập trung vào các tháng mưa lớn từ tháng 6 đến tháng 9 lên tới 80 mm/ngày."
"Nghiên cứu về năng lực công nghệ thông tin của nữ giảng viên tại Trường ĐH KHXH&NV, ĐHQG-HCM dựa trên hai khung lý thuyết nào để khảo sát?",Nghiên cứu dựa trên hai khung lý thuyết là Mô hình chấp nhận công nghệ (Technology Acceptance Model - TAM) và Kiến thức Công nghệ – Sư phạm – Nội dung (Technological Pedagogical Content Knowledge - TPACK).
"Trong nghiên cứu năng lực CNTT của nữ giảng viên, tổng số nữ giảng viên tại trường ở thời điểm khảo sát là bao nhiêu và số lượng phiếu trả lời hợp lệ thu thập được là bao nhiêu?","Tổng số nữ giảng viên tại trường ở thời điểm khảo sát là 323 người, và số lượng phiếu trả lời hợp lệ thu thập được là 103 phiếu (chiếm khoảng 31,9% quần thể)."
"Theo nghiên cứu về năng lực CNTT của nữ giảng viên, học vị của 103 đáp viên tham gia khảo sát phân bổ theo tỷ lệ thạc sĩ và tiến sĩ như thế nào?",Học vị của 103 giảng viên nữ tham gia khảo sát gồm có 57% thạc sĩ và 41% tiến sĩ.
Thang đo Likert 5 mức độ dùng để đo lường năng lực CNTT của nữ giảng viên trong nghiên cứu gồm bao nhiêu mục hỏi và tập trung vào các kỹ năng nào?,"Thang đo gồm 6 mục hỏi, tập trung vào các kỹ năng: sử dụng nền tảng LMS/Zoom, thiết kế học liệu số, quản lý lớp học trực tuyến, tương tác và phản hồi trực tuyến, chủ động cập nhật công nghệ."
Nghiên cứu trong nước của Đỗ Tùng và Hoàng Công Kiên được trích dẫn trong bài báo nghiên cứu về chủ đề gì và thực hiện tại trường đại học nào?,Nghiên cứu của Đỗ Tùng và Hoàng Công Kiên về chủ đề 'Áp dụng mô hình lớp học đảo ngược trong dạy học trực tuyến' và thực hiện tại trường Đại học Hùng Vương.
Nghiên cứu về giáo dục song ngữ tiếng Khmer - Việt tại Đồng bằng sông Cửu Long sử dụng mô hình giáo dục song ngữ cụ thể nào làm cơ sở lý luận chính cho bài viết?,Nghiên cứu sử dụng Mô hình giáo dục song ngữ 2 chiều (two-way bilingual education) làm cơ sở lý luận chính.
Nghiên cứu về giáo dục song ngữ Khmer - Việt tại Đồng bằng sông Cửu Long đã tiến hành phỏng vấn bao nhiêu cán bộ quản lý và giáo viên và thời điểm phỏng vấn là khi nào?,Nghiên cứu tiến hành phỏng vấn 04 cán bộ quản lý (02 cán bộ quản lý cấp Phòng Giáo dục và Đào tạo và 02 cán bộ quản lý tại các trường tiểu học) cùng với 06 giáo viên trực tiếp giảng dạy vào tháng 5 năm 2025.
"Theo nghiên cứu về giáo dục song ngữ Khmer - Việt, cộng đồng dân tộc Khmer ở Đồng bằng sông Cửu Long sống tập trung đông nhất ở tỉnh nào và tỉnh nào có tỷ lệ định cư đông nhất cả nước?","Cộng đồng dân tộc Khmer sống tập trung đông nhất ở 2 tỉnh là Sóc Trăng và Trà Vinh, trong đó tỉnh Sóc Trăng có tỷ lệ định cư đông nhất cả nước."
Nghiên cứu giáo dục song ngữ Khmer - Việt đề cập đến các cơ hội nào đối với việc phát triển học sinh tiểu học người dân tộc Khmer?,"Các cơ hội gồm: phát triển ngôn ngữ tiếng Khmer - Việt, bảo tồn, phát huy và phát triển các giá trị văn hóa dân tộc Khmer, và tăng cường kết nối đa văn hóa dân tộc Khmer."
Nghiên cứu 'Phản ứng của công chúng về tin tức tiêu cực trên báo chí (giai đoạn 2022-2023)' áp dụng mô hình lý thuyết nào để phân tích phản ứng của công chúng đối với tin tức tiêu cực?,"Nghiên cứu áp dụng Mô hình Quy trình song song mở rộng (The Extended Parallel Process Model - EPPM), còn gọi là Lý thuyết về nỗi sợ."
"Theo nghiên cứu về phản ứng của công chúng đối với tin tức tiêu cực, nhóm tác giả Lê Thị Thu và Nguyễn Phạm Phương Thảo (2024) định nghĩa 'tin tức tiêu cực' là gì?","Tin tức tiêu cực là thông tin xuất hiện trên phương tiện thông tin đại chúng, phản ánh về những vấn đề an sinh, đời sống, kinh tế, xã hội... có tác động xấu đến cảm xúc của người tiếp nhận bằng các nhận biết như có dấu hiệu công kích, chia rẽ, gây lo lắng, bất an, đe dọa nguy cơ an toàn, sự bình đẳng, dắt mũi, trục lợi... trong công chúng."
